global_key	local_key	global_meter	local_meter	local_mode	global_mode	path	phrase	part	bar_no	duration	chord	harte	root	rn_chord	rn_harte	sd	type	added	extensions	bass_note	songbook	title	composer	sub_genre	year	filename
C	C	2/4	(2, 4)	major	major	['P0', 'Intro', 'S']	P0	Intro	1	0.5	C	C:maj	C	I	I:maj	I					1	Forró de gala	Jacob do Bandolim	Baião	1952.0	1_forro_de_gala_WF.txt
C	C	2/4	(2, 4)	major	major	['P0', 'Intro', 'S']	P0	Intro	2	0.5	G7	G:7	G	V7	V:7	V		7			1	Forró de gala	Jacob do Bandolim	Baião	1952.0	1_forro_de_gala_WF.txt
C	C	2/4	(2, 4)	major	major	['P0', 'Intro', 'S']	P0	Intro	3	0.5	C	C:maj	C	I	I:maj	I					1	Forró de gala	Jacob do Bandolim	Baião	1952.0	1_forro_de_gala_WF.txt
C	C	2/4	(2, 4)	major	major	['P0', 'Intro', 'S']	P0	Intro	4	0.5	G7	G:7	G	V7	V:7	V		7			1	Forró de gala	Jacob do Bandolim	Baião	1952.0	1_forro_de_gala_WF.txt
C	C	2/4	(2, 4)	major	major	['P1', 'S']	P1		5	0.5	C	C:maj	C	I	I:maj	I					1	Forró de gala	Jacob do Bandolim	Baião	1952.0	1_forro_de_gala_WF.txt
C	C	2/4	(2, 4)	major	major	['P2', 'PartA', 'S']	P2	PartA	6	0.5	C	C:maj	C	I	I:maj	I					1	Forró de gala	Jacob do Bandolim	Baião	1952.0	1_forro_de_gala_WF.txt
C	C	2/4	(2, 4)	major	major	['P2', 'PartA', 'S']	P2	PartA	7	0.5	Dm	D:min	D	IIm	II:min	II	m				1	Forró de gala	Jacob do Bandolim	Baião	1952.0	1_forro_de_gala_WF.txt
C	C	2/4	(2, 4)	major	major	['P2', 'PartA', 'S']	P2	PartA	8	0.5	G7	G:7	G	V7	V:7	V		7			1	Forró de gala	Jacob do Bandolim	Baião	1952.0	1_forro_de_gala_WF.txt
C	C	2/4	(2, 4)	major	major	['P2', 'PartA', 'S']	P2	PartA	9	0.5	C	C:maj	C	I	I:maj	I					1	Forró de gala	Jacob do Bandolim	Baião	1952.0	1_forro_de_gala_WF.txt
C	C	2/4	(2, 4)	major	major	['P2', 'PartA', 'S']	P2	PartA	10	0.5	G7	G:7	G	V7	V:7	V		7			1	Forró de gala	Jacob do Bandolim	Baião	1952.0	1_forro_de_gala_WF.txt
C	C	2/4	(2, 4)	major	major	['P1', 'PartA', 'S']	P1	PartA	11	0.5	C	C:maj	C	I	I:maj	I					1	Forró de gala	Jacob do Bandolim	Baião	1952.0	1_forro_de_gala_WF.txt
C	C	2/4	(2, 4)	major	major	['P2', 'PartA', 'S']	P2	PartA	12	0.5	C	C:maj	C	I	I:maj	I					1	Forró de gala	Jacob do Bandolim	Baião	1952.0	1_forro_de_gala_WF.txt
C	C	2/4	(2, 4)	major	major	['P2', 'PartA', 'S']	P2	PartA	13	0.5	Dm	D:min	D	IIm	II:min	II	m				1	Forró de gala	Jacob do Bandolim	Baião	1952.0	1_forro_de_gala_WF.txt
C	C	2/4	(2, 4)	major	major	['P2', 'PartA', 'S']	P2	PartA	14	0.5	G7	G:7	G	V7	V:7	V		7			1	Forró de gala	Jacob do Bandolim	Baião	1952.0	1_forro_de_gala_WF.txt
C	C	2/4	(2, 4)	major	major	['P2', 'PartA', 'S']	P2	PartA	15	0.5	C	C:maj	C	I	I:maj	I					1	Forró de gala	Jacob do Bandolim	Baião	1952.0	1_forro_de_gala_WF.txt
C	C	2/4	(2, 4)	major	major	['P2', 'PartA', 'S']	P2	PartA	16	0.5	G7	G:7	G	V7	V:7	V		7			1	Forró de gala	Jacob do Bandolim	Baião	1952.0	1_forro_de_gala_WF.txt
C	C	2/4	(2, 4)	major	major	['P3', 'PartA', 'S']	P3	PartA	17	0.5	C7	C:7	C	I7	I:7	I		7			1	Forró de gala	Jacob do Bandolim	Baião	1952.0	1_forro_de_gala_WF.txt
C	C	2/4	(2, 4)	major	major	['P3', 'PartA', 'S']	P3	PartA	18	0.5	F	F:maj	F	IV	IV:maj	IV					1	Forró de gala	Jacob do Bandolim	Baião	1952.0	1_forro_de_gala_WF.txt
C	C	2/4	(2, 4)	major	major	['P3', 'PartA', 'S']	P3	PartA	19	0.5	D7	D:7	D	II7	II:7	II		7			1	Forró de gala	Jacob do Bandolim	Baião	1952.0	1_forro_de_gala_WF.txt
C	C	2/4	(2, 4)	major	major	['P3', 'PartA', 'S']	P3	PartA	20	0.5	G7/B	G:7/3	G	V7/3	V:7/3	V		7		B	1	Forró de gala	Jacob do Bandolim	Baião	1952.0	1_forro_de_gala_WF.txt
C	C	2/4	(2, 4)	major	major	['P3', 'PartA', 'S']	P3	PartA	21	0.25	C	C:maj	C	I	I:maj	I					1	Forró de gala	Jacob do Bandolim	Baião	1952.0	1_forro_de_gala_WF.txt
C	C	2/4	(2, 4)	major	major	['P3', 'PartA', 'S']	P3	PartA	21	0.25	Am	A:min	A	VIm	VI:min	VI	m				1	Forró de gala	Jacob do Bandolim	Baião	1952.0	1_forro_de_gala_WF.txt
C	C	2/4	(2, 4)	major	major	['P3', 'PartA', 'S']	P3	PartA	22	0.5	D7	D:7	D	II7	II:7	II		7			1	Forró de gala	Jacob do Bandolim	Baião	1952.0	1_forro_de_gala_WF.txt
C	C	2/4	(2, 4)	major	major	['P3', 'PartA', 'S']	P3	PartA	23	0.5	G7	G:7	G	V7	V:7	V		7			1	Forró de gala	Jacob do Bandolim	Baião	1952.0	1_forro_de_gala_WF.txt
C	C	2/4	(2, 4)	major	major	['P3', 'PartA', 'S']	P3	PartA	24	0.25	C	C:maj	C	I	I:maj	I					1	Forró de gala	Jacob do Bandolim	Baião	1952.0	1_forro_de_gala_WF.txt
C	C	2/4	(2, 4)	major	major	['P3', 'PartA', 'S']	P3	PartA	24	0.25	Am	A:min	A	VIm	VI:min	VI	m				1	Forró de gala	Jacob do Bandolim	Baião	1952.0	1_forro_de_gala_WF.txt
C	C	2/4	(2, 4)	major	major	['P3', 'PartA', 'S']	P3	PartA	25	0.5	D7	D:7	D	II7	II:7	II		7			1	Forró de gala	Jacob do Bandolim	Baião	1952.0	1_forro_de_gala_WF.txt
C	C	2/4	(2, 4)	major	major	['P3', 'PartA', 'S']	P3	PartA	26	0.5	G	G:maj	G	V	V:maj	V					1	Forró de gala	Jacob do Bandolim	Baião	1952.0	1_forro_de_gala_WF.txt
C	Cm	2/4	(2, 4)	minor	major	['P4', 'PartB', 'S']	P4	PartB	27	0.5	Cm	C:min	C	Im	I:min	I	m				1	Forró de gala	Jacob do Bandolim	Baião	1952.0	1_forro_de_gala_WF.txt
C	Cm	2/4	(2, 4)	minor	major	['P4', 'PartB', 'S']	P4	PartB	28	0.5	Dm7(b5)	D:hdim7	D	IIm7(b5)	II:hdim7	II	m	7	(b5)		1	Forró de gala	Jacob do Bandolim	Baião	1952.0	1_forro_de_gala_WF.txt
C	Cm	2/4	(2, 4)	minor	major	['P4', 'PartB', 'S']	P4	PartB	29	0.5	G7	G:7	G	V7	V:7	V		7			1	Forró de gala	Jacob do Bandolim	Baião	1952.0	1_forro_de_gala_WF.txt
C	Cm	2/4	(2, 4)	minor	major	['P4', 'PartB', 'S']	P4	PartB	30	0.5	Cm	C:min	C	Im	I:min	I	m				1	Forró de gala	Jacob do Bandolim	Baião	1952.0	1_forro_de_gala_WF.txt
C	Cm	2/4	(2, 4)	minor	major	['P4', 'PartB', 'S']	P4	PartB	31	0.5	Bb7	Bb:7	Bb	VII7	VII:7	VII		7			1	Forró de gala	Jacob do Bandolim	Baião	1952.0	1_forro_de_gala_WF.txt
C	Cm	2/4	(2, 4)	minor	major	['P4', 'PartB', 'S']	P4	PartB	32	0.5	Ab7	Ab:7	Ab	VI7	VI:7	VI		7			1	Forró de gala	Jacob do Bandolim	Baião	1952.0	1_forro_de_gala_WF.txt
C	Cm	2/4	(2, 4)	minor	major	['P5', 'PartB', 'S']	P5	PartB	33	0.5	G7	G:7	G	V7	V:7	V		7			1	Forró de gala	Jacob do Bandolim	Baião	1952.0	1_forro_de_gala_WF.txt
C	Cm	2/4	(2, 4)	minor	major	['P4', 'PartB', 'S']	P4	PartB	34	0.5	Cm	C:min	C	Im	I:min	I	m				1	Forró de gala	Jacob do Bandolim	Baião	1952.0	1_forro_de_gala_WF.txt
C	Cm	2/4	(2, 4)	minor	major	['P4', 'PartB', 'S']	P4	PartB	35	0.5	Dm7(b5)	D:hdim7	D	IIm7(b5)	II:hdim7	II	m	7	(b5)		1	Forró de gala	Jacob do Bandolim	Baião	1952.0	1_forro_de_gala_WF.txt
C	Cm	2/4	(2, 4)	minor	major	['P4', 'PartB', 'S']	P4	PartB	36	0.5	G7	G:7	G	V7	V:7	V		7			1	Forró de gala	Jacob do Bandolim	Baião	1952.0	1_forro_de_gala_WF.txt
C	Cm	2/4	(2, 4)	minor	major	['P4', 'PartB', 'S']	P4	PartB	37	0.5	Cm	C:min	C	Im	I:min	I	m				1	Forró de gala	Jacob do Bandolim	Baião	1952.0	1_forro_de_gala_WF.txt
C	Cm	2/4	(2, 4)	minor	major	['P4', 'PartB', 'S']	P4	PartB	38	0.5	Bb7	Bb:7	Bb	VII7	VII:7	VII		7			1	Forró de gala	Jacob do Bandolim	Baião	1952.0	1_forro_de_gala_WF.txt
C	Cm	2/4	(2, 4)	minor	major	['P4', 'PartB', 'S']	P4	PartB	39	0.5	Ab7	Ab:7	Ab	VI7	VI:7	VI		7			1	Forró de gala	Jacob do Bandolim	Baião	1952.0	1_forro_de_gala_WF.txt
C	Cm	2/4	(2, 4)	minor	major	['P5', 'PartB', 'S']	P5	PartB	40	0.5	G7	G:7	G	V7	V:7	V		7			1	Forró de gala	Jacob do Bandolim	Baião	1952.0	1_forro_de_gala_WF.txt
C	C	2/4	(2, 4)	major	major	['P6', 'PartB', 'S']	P6	PartB	41	0.5	G7	G:7	G	V7	V:7	V		7			1	Forró de gala	Jacob do Bandolim	Baião	1952.0	1_forro_de_gala_WF.txt
C	C	2/4	(2, 4)	major	major	['P6', 'PartB', 'S']	P6	PartB	42	0.25	C	C:maj	C	I	I:maj	I					1	Forró de gala	Jacob do Bandolim	Baião	1952.0	1_forro_de_gala_WF.txt
C	C	2/4	(2, 4)	major	major	['P6', 'PartB', 'S']	P6	PartB	42	0.25	Am	A:min	A	VIm	VI:min	VI	m				1	Forró de gala	Jacob do Bandolim	Baião	1952.0	1_forro_de_gala_WF.txt
C	C	2/4	(2, 4)	major	major	['P6', 'PartB', 'S']	P6	PartB	43	0.5	D7	D:7	D	II7	II:7	II		7			1	Forró de gala	Jacob do Bandolim	Baião	1952.0	1_forro_de_gala_WF.txt
C	C	2/4	(2, 4)	major	major	['P6', 'PartB', 'S']	P6	PartB	44	0.5	G7	G:7	G	V7	V:7	V		7			1	Forró de gala	Jacob do Bandolim	Baião	1952.0	1_forro_de_gala_WF.txt
C	C	2/4	(2, 4)	major	major	['P6', 'PartB', 'S']	P6	PartB	45	0.25	C	C:maj	C	I	I:maj	I					1	Forró de gala	Jacob do Bandolim	Baião	1952.0	1_forro_de_gala_WF.txt
C	C	2/4	(2, 4)	major	major	['P6', 'PartB', 'S']	P6	PartB	45	0.25	Am	A:min	A	VIm	VI:min	VI	m				1	Forró de gala	Jacob do Bandolim	Baião	1952.0	1_forro_de_gala_WF.txt
C	C	2/4	(2, 4)	major	major	['P6', 'PartB', 'S']	P6	PartB	46	0.5	D7	D:7	D	II7	II:7	II		7			1	Forró de gala	Jacob do Bandolim	Baião	1952.0	1_forro_de_gala_WF.txt
C	C	2/4	(2, 4)	major	major	['P6', 'PartB', 'S']	P6	PartB	47	0.5	G7	G:7	G	V7	V:7	V		7			1	Forró de gala	Jacob do Bandolim	Baião	1952.0	1_forro_de_gala_WF.txt
C	C	2/4	(2, 4)	major	major	['P2', 'PartA2', 'S']	P2	PartA2	48	0.5	C	C:maj	C	I	I:maj	I					1	Forró de gala	Jacob do Bandolim	Baião	1952.0	1_forro_de_gala_WF.txt
C	C	2/4	(2, 4)	major	major	['P2', 'PartA2', 'S']	P2	PartA2	49	0.5	Dm	D:min	D	IIm	II:min	II	m				1	Forró de gala	Jacob do Bandolim	Baião	1952.0	1_forro_de_gala_WF.txt
C	C	2/4	(2, 4)	major	major	['P2', 'PartA2', 'S']	P2	PartA2	50	0.5	G7	G:7	G	V7	V:7	V		7			1	Forró de gala	Jacob do Bandolim	Baião	1952.0	1_forro_de_gala_WF.txt
C	C	2/4	(2, 4)	major	major	['P2', 'PartA2', 'S']	P2	PartA2	51	0.5	C	C:maj	C	I	I:maj	I					1	Forró de gala	Jacob do Bandolim	Baião	1952.0	1_forro_de_gala_WF.txt
C	C	2/4	(2, 4)	major	major	['P2', 'PartA2', 'S']	P2	PartA2	52	0.5	G7	G:7	G	V7	V:7	V		7			1	Forró de gala	Jacob do Bandolim	Baião	1952.0	1_forro_de_gala_WF.txt
C	C	2/4	(2, 4)	major	major	['P1', 'PartA2', 'S']	P1	PartA2	53	0.5	C	C:maj	C	I	I:maj	I					1	Forró de gala	Jacob do Bandolim	Baião	1952.0	1_forro_de_gala_WF.txt
C	C	2/4	(2, 4)	major	major	['P2', 'PartA2', 'S']	P2	PartA2	54	0.5	C	C:maj	C	I	I:maj	I					1	Forró de gala	Jacob do Bandolim	Baião	1952.0	1_forro_de_gala_WF.txt
C	C	2/4	(2, 4)	major	major	['P2', 'PartA2', 'S']	P2	PartA2	55	0.5	Dm	D:min	D	IIm	II:min	II	m				1	Forró de gala	Jacob do Bandolim	Baião	1952.0	1_forro_de_gala_WF.txt
C	C	2/4	(2, 4)	major	major	['P2', 'PartA2', 'S']	P2	PartA2	56	0.5	G7	G:7	G	V7	V:7	V		7			1	Forró de gala	Jacob do Bandolim	Baião	1952.0	1_forro_de_gala_WF.txt
C	C	2/4	(2, 4)	major	major	['P2', 'PartA2', 'S']	P2	PartA2	57	0.5	C	C:maj	C	I	I:maj	I					1	Forró de gala	Jacob do Bandolim	Baião	1952.0	1_forro_de_gala_WF.txt
C	C	2/4	(2, 4)	major	major	['P2', 'PartA2', 'S']	P2	PartA2	58	0.5	G7	G:7	G	V7	V:7	V		7			1	Forró de gala	Jacob do Bandolim	Baião	1952.0	1_forro_de_gala_WF.txt
C	C	2/4	(2, 4)	major	major	['P0', 'PartA2', 'S']	P0	PartA2	59	0.5	C	C:maj	C	I	I:maj	I					1	Forró de gala	Jacob do Bandolim	Baião	1952.0	1_forro_de_gala_WF.txt
C	C	2/4	(2, 4)	major	major	['P0', 'PartA2', 'S']	P0	PartA2	60	0.5	G7	G:7	G	V7	V:7	V		7			1	Forró de gala	Jacob do Bandolim	Baião	1952.0	1_forro_de_gala_WF.txt
A	A	2/4	(2, 4)	major	major	['P0', 'S']	P0		1	0.5	A6	A:maj6	A	I6	I:maj6	I		6			1	Assanhado	Jacob do Bandolim	Choro Sambado	1961.0	1_assanhado_WF.txt
A	A	2/4	(2, 4)	major	major	['P1', 'PartA', 'S']	P1	PartA	2	0.5	A6	A:maj6	A	I6	I:maj6	I		6			1	Assanhado	Jacob do Bandolim	Choro Sambado	1961.0	1_assanhado_WF.txt
A	A	2/4	(2, 4)	major	major	['P2', 'PartA', 'S']	P2	PartA	3	0.5	A6	A:maj6	A	I6	I:maj6	I		6			1	Assanhado	Jacob do Bandolim	Choro Sambado	1961.0	1_assanhado_WF.txt
A	A	2/4	(2, 4)	major	major	['P1', 'PartA', 'S']	P1	PartA	4	0.5	A6	A:maj6	A	I6	I:maj6	I		6			1	Assanhado	Jacob do Bandolim	Choro Sambado	1961.0	1_assanhado_WF.txt
A	A	2/4	(2, 4)	major	major	['P2', 'PartA', 'S']	P2	PartA	5	0.5	A6	A:maj6	A	I6	I:maj6	I		6			1	Assanhado	Jacob do Bandolim	Choro Sambado	1961.0	1_assanhado_WF.txt
A	A	2/4	(2, 4)	major	major	['P3', 'PartA', 'S']	P3	PartA	6	0.5	D7(9)	D:9	D	IV7(9)	IV:9	IV		7	(9)		1	Assanhado	Jacob do Bandolim	Choro Sambado	1961.0	1_assanhado_WF.txt
A	A	2/4	(2, 4)	major	major	['P4', 'PartA', 'S']	P4	PartA	7	0.5	D7(9)	D:9	D	IV7(9)	IV:9	IV		7	(9)		1	Assanhado	Jacob do Bandolim	Choro Sambado	1961.0	1_assanhado_WF.txt
A	A	2/4	(2, 4)	major	major	['P3', 'PartA', 'S']	P3	PartA	8	0.5	D7(9)	D:9	D	IV7(9)	IV:9	IV		7	(9)		1	Assanhado	Jacob do Bandolim	Choro Sambado	1961.0	1_assanhado_WF.txt
A	A	2/4	(2, 4)	major	major	['P4', 'PartA', 'S']	P4	PartA	9	0.5	D7(9)	D:9	D	IV7(9)	IV:9	IV		7	(9)		1	Assanhado	Jacob do Bandolim	Choro Sambado	1961.0	1_assanhado_WF.txt
A	A	2/4	(2, 4)	major	major	['P5', 'PartA', 'S']	P5	PartA	10	0.5	E7(9)	E:9	E	V7(9)	V:9	V		7	(9)		1	Assanhado	Jacob do Bandolim	Choro Sambado	1961.0	1_assanhado_WF.txt
A	A	2/4	(2, 4)	major	major	['P6', 'PartA', 'S']	P6	PartA	11	0.5	A6	A:maj6	A	I6	I:maj6	I		6			1	Assanhado	Jacob do Bandolim	Choro Sambado	1961.0	1_assanhado_WF.txt
A	A	2/4	(2, 4)	major	major	['P5', 'PartA', 'S']	P5	PartA	12	0.5	E7(9)	E:9	E	V7(9)	V:9	V		7	(9)		1	Assanhado	Jacob do Bandolim	Choro Sambado	1961.0	1_assanhado_WF.txt
A	A	2/4	(2, 4)	major	major	['P6', 'PartA', 'S']	P6	PartA	13	0.5	A6	A:maj6	A	I6	I:maj6	I		6			1	Assanhado	Jacob do Bandolim	Choro Sambado	1961.0	1_assanhado_WF.txt
A	A	2/4	(2, 4)	major	major	['P7', 'PartB', 'S']	P7	PartB	14	0.5	A7	A:7	A	I7	I:7	I		7			1	Assanhado	Jacob do Bandolim	Choro Sambado	1961.0	1_assanhado_WF.txt
A	A	2/4	(2, 4)	major	major	['P7', 'PartB', 'S']	P7	PartB	15	0.5	D7	D:7	D	IV7	IV:7	IV		7			1	Assanhado	Jacob do Bandolim	Choro Sambado	1961.0	1_assanhado_WF.txt
A	A	2/4	(2, 4)	major	major	['P7', 'PartB', 'S']	P7	PartB	16	0.5	G7	G:7	G	bVII7	bVII:7	bVII		7			1	Assanhado	Jacob do Bandolim	Choro Sambado	1961.0	1_assanhado_WF.txt
A	A	2/4	(2, 4)	major	major	['P7', 'PartB', 'S']	P7	PartB	17	0.5	C7	C:7	C	bIII7	bIII:7	bIII		7			1	Assanhado	Jacob do Bandolim	Choro Sambado	1961.0	1_assanhado_WF.txt
A	A	2/4	(2, 4)	major	major	['P7', 'PartB', 'S']	P7	PartB	18	0.5	F7	F:7	F	bVI7	bVI:7	bVI		7			1	Assanhado	Jacob do Bandolim	Choro Sambado	1961.0	1_assanhado_WF.txt
A	A	2/4	(2, 4)	major	major	['P7', 'PartB', 'S']	P7	PartB	19	0.5	Bb7	Bb:7	Bb	bII7	bII:7	bII		7			1	Assanhado	Jacob do Bandolim	Choro Sambado	1961.0	1_assanhado_WF.txt
A	A	2/4	(2, 4)	major	major	['P7', 'PartB', 'S']	P7	PartB	20	0.5	E7	E:7	E	V7	V:7	V		7			1	Assanhado	Jacob do Bandolim	Choro Sambado	1961.0	1_assanhado_WF.txt
A	A	2/4	(2, 4)	major	major	['P7', 'PartB', 'S']	P7	PartB	21	0.5	A	A:maj	A	I	I:maj	I					1	Assanhado	Jacob do Bandolim	Choro Sambado	1961.0	1_assanhado_WF.txt
A	A	2/4	(2, 4)	major	major	['P7', 'PartB', 'S']	P7	PartB	22	0.5	A7	A:7	A	I7	I:7	I		7			1	Assanhado	Jacob do Bandolim	Choro Sambado	1961.0	1_assanhado_WF.txt
A	A	2/4	(2, 4)	major	major	['P7', 'PartB', 'S']	P7	PartB	23	0.5	D7	D:7	D	IV7	IV:7	IV		7			1	Assanhado	Jacob do Bandolim	Choro Sambado	1961.0	1_assanhado_WF.txt
A	A	2/4	(2, 4)	major	major	['P7', 'PartB', 'S']	P7	PartB	24	0.5	G7	G:7	G	bVII7	bVII:7	bVII		7			1	Assanhado	Jacob do Bandolim	Choro Sambado	1961.0	1_assanhado_WF.txt
A	A	2/4	(2, 4)	major	major	['P7', 'PartB', 'S']	P7	PartB	25	0.5	C7	C:7	C	bIII7	bIII:7	bIII		7			1	Assanhado	Jacob do Bandolim	Choro Sambado	1961.0	1_assanhado_WF.txt
A	A	2/4	(2, 4)	major	major	['P7', 'PartB', 'S']	P7	PartB	26	0.5	F7	F:7	F	bVI7	bVI:7	bVI		7			1	Assanhado	Jacob do Bandolim	Choro Sambado	1961.0	1_assanhado_WF.txt
A	A	2/4	(2, 4)	major	major	['P7', 'PartB', 'S']	P7	PartB	27	0.5	Bb7	Bb:7	Bb	bII7	bII:7	bII		7			1	Assanhado	Jacob do Bandolim	Choro Sambado	1961.0	1_assanhado_WF.txt
A	A	2/4	(2, 4)	major	major	['P7', 'PartB', 'S']	P7	PartB	28	0.5	E7	E:7	E	V7	V:7	V		7			1	Assanhado	Jacob do Bandolim	Choro Sambado	1961.0	1_assanhado_WF.txt
A	A	2/4	(2, 4)	major	major	['P7', 'PartB', 'S']	P7	PartB	29	0.5	A	A:maj	A	I	I:maj	I					1	Assanhado	Jacob do Bandolim	Choro Sambado	1961.0	1_assanhado_WF.txt
C	C	2/4	(2, 4)	major	major	['P1', 'PartA', 'S']	P1	PartA	1	0.5	C7	C:7	C	I7	I:7	I		7			3	Davilicença	Moraes Moreira; Armandinho	Choro	1977.0	3_davilicenca_WF.txt
C	C	2/4	(2, 4)	major	major	['P1', 'PartA', 'S']	P1	PartA	2	0.5	Bo	B:dim	B	VIIo	VII:dim	VII	o				3	Davilicença	Moraes Moreira; Armandinho	Choro	1977.0	3_davilicenca_WF.txt
C	C	2/4	(2, 4)	major	major	['P1', 'PartA', 'S']	P1	PartA	3	0.25	Am7	A:min7	A	VIm7	VI:min7	VI	m	7			3	Davilicença	Moraes Moreira; Armandinho	Choro	1977.0	3_davilicenca_WF.txt
C	C	2/4	(2, 4)	major	major	['P1', 'PartA', 'S']	P1	PartA	3	0.25	Am6	A:min6	A	VIm6	VI:min6	VI	m	6			3	Davilicença	Moraes Moreira; Armandinho	Choro	1977.0	3_davilicenca_WF.txt
C	C	2/4	(2, 4)	major	major	['P1', 'PartA', 'S']	P1	PartA	4	0.25	Am7	A:min7	A	VIm7	VI:min7	VI	m	7			3	Davilicença	Moraes Moreira; Armandinho	Choro	1977.0	3_davilicenca_WF.txt
C	C	2/4	(2, 4)	major	major	['P1', 'PartA', 'S']	P1	PartA	4	0.25	Am6	A:min6	A	VIm6	VI:min6	VI	m	6			3	Davilicença	Moraes Moreira; Armandinho	Choro	1977.0	3_davilicenca_WF.txt
C	C	2/4	(2, 4)	major	major	['P1', 'PartA', 'S']	P1	PartA	5	0.25	Gm7	G:min7	G	Vm7	V:min7	V	m	7			3	Davilicença	Moraes Moreira; Armandinho	Choro	1977.0	3_davilicenca_WF.txt
C	C	2/4	(2, 4)	major	major	['P1', 'PartA', 'S']	P1	PartA	5	0.25	Gm6	G:min6	G	Vm6	V:min6	V	m	6			3	Davilicença	Moraes Moreira; Armandinho	Choro	1977.0	3_davilicenca_WF.txt
C	C	2/4	(2, 4)	major	major	['P1', 'PartA', 'S']	P1	PartA	6	0.25	Gm7	G:min7	G	Vm7	V:min7	V	m	7			3	Davilicença	Moraes Moreira; Armandinho	Choro	1977.0	3_davilicenca_WF.txt
C	C	2/4	(2, 4)	major	major	['P1', 'PartA', 'S']	P1	PartA	6	0.25	Gm6	G:min6	G	Vm6	V:min6	V	m	6			3	Davilicença	Moraes Moreira; Armandinho	Choro	1977.0	3_davilicenca_WF.txt
C	C	2/4	(2, 4)	major	major	['P1', 'PartA', 'S']	P1	PartA	7	0.5	F7M	F:maj7	F	IV7M	IV:maj7	IV		7M			3	Davilicença	Moraes Moreira; Armandinho	Choro	1977.0	3_davilicenca_WF.txt
C	C	2/4	(2, 4)	major	major	['P1', 'PartA', 'S']	P1	PartA	8	0.5	B7	B:7	B	VII7	VII:7	VII		7			3	Davilicença	Moraes Moreira; Armandinho	Choro	1977.0	3_davilicenca_WF.txt
C	C	2/4	(2, 4)	major	major	['P1', 'PartA', 'S']	P1	PartA	9	0.5	C	C:maj	C	I	I:maj	I					3	Davilicença	Moraes Moreira; Armandinho	Choro	1977.0	3_davilicenca_WF.txt
C	C	2/4	(2, 4)	major	major	['P1', 'PartA', 'S']	P1	PartA	10	0.5	A7	A:7	A	VI7	VI:7	VI		7			3	Davilicença	Moraes Moreira; Armandinho	Choro	1977.0	3_davilicenca_WF.txt
C	C	2/4	(2, 4)	major	major	['P1', 'PartA', 'S']	P1	PartA	11	0.25	Dm7(9)	D:min9	D	IIm7(9)	II:min9	II	m	7	(9)		3	Davilicença	Moraes Moreira; Armandinho	Choro	1977.0	3_davilicenca_WF.txt
C	C	2/4	(2, 4)	major	major	['P1', 'PartA', 'S']	P1	PartA	11	0.25	G7(13)	G:7(13)	G	V7(13)	V:7(13)	V		7	(13)		3	Davilicença	Moraes Moreira; Armandinho	Choro	1977.0	3_davilicenca_WF.txt
C	C	2/4	(2, 4)	major	major	['P1', 'PartA', 'S']	P1	PartA	12	0.25	G#o(b13)	G#:dim(b13)	G#	#Vo(b13)	#V:dim(b13)	#V	o		(b13)		3	Davilicença	Moraes Moreira; Armandinho	Choro	1977.0	3_davilicenca_WF.txt
C	C	2/4	(2, 4)	major	major	['P1', 'PartA', 'S']	P1	PartA	12	0.25	G7(13)	G:7(13)	G	V7(13)	V:7(13)	V		7	(13)		3	Davilicença	Moraes Moreira; Armandinho	Choro	1977.0	3_davilicenca_WF.txt
C	C	2/4	(2, 4)	major	major	['P1', 'PartA', 'S']	P1	PartA	13	0.5	C	C:maj	C	I	I:maj	I					3	Davilicença	Moraes Moreira; Armandinho	Choro	1977.0	3_davilicenca_WF.txt
C	C	2/4	(2, 4)	major	major	['P1', 'PartA', 'S']	P1	PartA	14	0.5	E7(b9)	E:7(b9)	E	III7(b9)	III:7(b9)	III		7	(b9)		3	Davilicença	Moraes Moreira; Armandinho	Choro	1977.0	3_davilicenca_WF.txt
C	C	2/4	(2, 4)	major	major	['P2', 'PartB', 'S']	P2	PartB	15	0.5	Am7	A:min7	A	VIm7	VI:min7	VI	m	7			3	Davilicença	Moraes Moreira; Armandinho	Choro	1977.0	3_davilicenca_WF.txt
C	C	2/4	(2, 4)	major	major	['P2', 'PartB', 'S']	P2	PartB	16	0.5	Dm7	D:min7	D	IIm7	II:min7	II	m	7			3	Davilicença	Moraes Moreira; Armandinho	Choro	1977.0	3_davilicenca_WF.txt
C	C	2/4	(2, 4)	major	major	['P2', 'PartB', 'S']	P2	PartB	17	0.5	G7	G:7	G	V7	V:7	V		7			3	Davilicença	Moraes Moreira; Armandinho	Choro	1977.0	3_davilicenca_WF.txt
C	C	2/4	(2, 4)	major	major	['P2', 'PartB', 'S']	P2	PartB	18	0.5	C	C:maj	C	I	I:maj	I					3	Davilicença	Moraes Moreira; Armandinho	Choro	1977.0	3_davilicenca_WF.txt
C	C	2/4	(2, 4)	major	major	['P2', 'PartB', 'S']	P2	PartB	19	0.5	G/B	G:maj/3	G	V/3	V:maj/3	V				B	3	Davilicença	Moraes Moreira; Armandinho	Choro	1977.0	3_davilicenca_WF.txt
C	C	2/4	(2, 4)	major	major	['P2', 'PartB', 'S']	P2	PartB	20	0.5	F/A	F:maj/3	F	IV/3	IV:maj/3	IV				A	3	Davilicença	Moraes Moreira; Armandinho	Choro	1977.0	3_davilicenca_WF.txt
C	C	2/4	(2, 4)	major	major	['P2', 'PartB', 'S']	P2	PartB	21	0.5	Em	E:min	E	IIIm	III:min	III	m				3	Davilicença	Moraes Moreira; Armandinho	Choro	1977.0	3_davilicenca_WF.txt
C	C	2/4	(2, 4)	major	major	['P2', 'PartB', 'S']	P2	PartB	22	0.5	Dm	D:min	D	IIm	II:min	II	m				3	Davilicença	Moraes Moreira; Armandinho	Choro	1977.0	3_davilicenca_WF.txt
C	C	2/4	(2, 4)	major	major	['P2', 'PartB', 'S']	P2	PartB	23	0.25	C	C:maj	C	I	I:maj	I					3	Davilicença	Moraes Moreira; Armandinho	Choro	1977.0	3_davilicenca_WF.txt
C	C	2/4	(2, 4)	major	major	['P2', 'PartB', 'S']	P2	PartB	23	0.25	C7	C:7	C	I7	I:7	I		7			3	Davilicença	Moraes Moreira; Armandinho	Choro	1977.0	3_davilicenca_WF.txt
C	C	2/4	(2, 4)	major	major	['P2', 'PartB', 'S']	P2	PartB	24	0.25	F	F:maj	F	IV	IV:maj	IV					3	Davilicença	Moraes Moreira; Armandinho	Choro	1977.0	3_davilicenca_WF.txt
C	C	2/4	(2, 4)	major	major	['P2', 'PartB', 'S']	P2	PartB	24	0.25	D7/F#	D:7/3	D	II7/3#	II:7/3	II		7		F#	3	Davilicença	Moraes Moreira; Armandinho	Choro	1977.0	3_davilicenca_WF.txt
C	C	2/4	(2, 4)	major	major	['P2', 'PartB', 'S']	P2	PartB	25	0.25	G	G:maj	G	V	V:maj	V					3	Davilicença	Moraes Moreira; Armandinho	Choro	1977.0	3_davilicenca_WF.txt
C	C	2/4	(2, 4)	major	major	['P2', 'PartB', 'S']	P2	PartB	25	0.25	E7	E:7	E	III7	III:7	III		7			3	Davilicença	Moraes Moreira; Armandinho	Choro	1977.0	3_davilicenca_WF.txt
C	C	2/4	(2, 4)	major	major	['P2', 'PartB', 'S']	P2	PartB	26	0.5	Am7	A:min7	A	VIm7	VI:min7	VI	m	7			3	Davilicença	Moraes Moreira; Armandinho	Choro	1977.0	3_davilicenca_WF.txt
C	C	2/4	(2, 4)	major	major	['P2', 'PartB', 'S']	P2	PartB	27	0.5	B7	B:7	B	VII7	VII:7	VII		7			3	Davilicença	Moraes Moreira; Armandinho	Choro	1977.0	3_davilicenca_WF.txt
C	C	2/4	(2, 4)	major	major	['P2', 'PartB', 'S']	P2	PartB	28	0.5	Em	E:min	E	IIIm	III:min	III	m				3	Davilicença	Moraes Moreira; Armandinho	Choro	1977.0	3_davilicenca_WF.txt
C	C	2/4	(2, 4)	major	major	['P1', 'PartA', 'S']	P1	PartA	29	0.5	C7	C:7	C	I7	I:7	I		7			3	Davilicença	Moraes Moreira; Armandinho	Choro	1977.0	3_davilicenca_WF.txt
C	C	2/4	(2, 4)	major	major	['P1', 'PartA', 'S']	P1	PartA	30	0.5	Bo	B:dim	B	VIIo	VII:dim	VII	o				3	Davilicença	Moraes Moreira; Armandinho	Choro	1977.0	3_davilicenca_WF.txt
C	C	2/4	(2, 4)	major	major	['P1', 'PartA', 'S']	P1	PartA	31	0.25	Am7	A:min7	A	VIm7	VI:min7	VI	m	7			3	Davilicença	Moraes Moreira; Armandinho	Choro	1977.0	3_davilicenca_WF.txt
C	C	2/4	(2, 4)	major	major	['P1', 'PartA', 'S']	P1	PartA	31	0.25	Am6	A:min6	A	VIm6	VI:min6	VI	m	6			3	Davilicença	Moraes Moreira; Armandinho	Choro	1977.0	3_davilicenca_WF.txt
C	C	2/4	(2, 4)	major	major	['P1', 'PartA', 'S']	P1	PartA	32	0.25	Am7	A:min7	A	VIm7	VI:min7	VI	m	7			3	Davilicença	Moraes Moreira; Armandinho	Choro	1977.0	3_davilicenca_WF.txt
C	C	2/4	(2, 4)	major	major	['P1', 'PartA', 'S']	P1	PartA	32	0.25	Am6	A:min6	A	VIm6	VI:min6	VI	m	6			3	Davilicença	Moraes Moreira; Armandinho	Choro	1977.0	3_davilicenca_WF.txt
C	C	2/4	(2, 4)	major	major	['P1', 'PartA', 'S']	P1	PartA	33	0.25	Gm7	G:min7	G	Vm7	V:min7	V	m	7			3	Davilicença	Moraes Moreira; Armandinho	Choro	1977.0	3_davilicenca_WF.txt
C	C	2/4	(2, 4)	major	major	['P1', 'PartA', 'S']	P1	PartA	33	0.25	Gm6	G:min6	G	Vm6	V:min6	V	m	6			3	Davilicença	Moraes Moreira; Armandinho	Choro	1977.0	3_davilicenca_WF.txt
C	C	2/4	(2, 4)	major	major	['P1', 'PartA', 'S']	P1	PartA	34	0.25	Gm7	G:min7	G	Vm7	V:min7	V	m	7			3	Davilicença	Moraes Moreira; Armandinho	Choro	1977.0	3_davilicenca_WF.txt
C	C	2/4	(2, 4)	major	major	['P1', 'PartA', 'S']	P1	PartA	34	0.25	Gm6	G:min6	G	Vm6	V:min6	V	m	6			3	Davilicença	Moraes Moreira; Armandinho	Choro	1977.0	3_davilicenca_WF.txt
C	C	2/4	(2, 4)	major	major	['P1', 'PartA', 'S']	P1	PartA	35	0.5	F7M	F:maj7	F	IV7M	IV:maj7	IV		7M			3	Davilicença	Moraes Moreira; Armandinho	Choro	1977.0	3_davilicenca_WF.txt
C	C	2/4	(2, 4)	major	major	['P1', 'PartA', 'S']	P1	PartA	36	0.5	B7	B:7	B	VII7	VII:7	VII		7			3	Davilicença	Moraes Moreira; Armandinho	Choro	1977.0	3_davilicenca_WF.txt
C	C	2/4	(2, 4)	major	major	['P1', 'PartA', 'S']	P1	PartA	37	0.5	C	C:maj	C	I	I:maj	I					3	Davilicença	Moraes Moreira; Armandinho	Choro	1977.0	3_davilicenca_WF.txt
C	C	2/4	(2, 4)	major	major	['P1', 'PartA', 'S']	P1	PartA	38	0.5	A7	A:7	A	VI7	VI:7	VI		7			3	Davilicença	Moraes Moreira; Armandinho	Choro	1977.0	3_davilicenca_WF.txt
C	C	2/4	(2, 4)	major	major	['P1', 'PartA', 'S']	P1	PartA	39	0.25	Dm7(9)	D:min9	D	IIm7(9)	II:min9	II	m	7	(9)		3	Davilicença	Moraes Moreira; Armandinho	Choro	1977.0	3_davilicenca_WF.txt
C	C	2/4	(2, 4)	major	major	['P1', 'PartA', 'S']	P1	PartA	39	0.25	G7(13)	G:7(13)	G	V7(13)	V:7(13)	V		7	(13)		3	Davilicença	Moraes Moreira; Armandinho	Choro	1977.0	3_davilicenca_WF.txt
C	C	2/4	(2, 4)	major	major	['P1', 'PartA', 'S']	P1	PartA	40	0.25	G#o(b13)	G#:dim(b13)	G#	#Vo(b13)	#V:dim(b13)	#V	o		(b13)		3	Davilicença	Moraes Moreira; Armandinho	Choro	1977.0	3_davilicenca_WF.txt
C	C	2/4	(2, 4)	major	major	['P1', 'PartA', 'S']	P1	PartA	40	0.25	G7(13)	G:7(13)	G	V7(13)	V:7(13)	V		7	(13)		3	Davilicença	Moraes Moreira; Armandinho	Choro	1977.0	3_davilicenca_WF.txt
C	C	2/4	(2, 4)	major	major	['P1', 'PartA', 'S']	P1	PartA	41	0.5	C	C:maj	C	I	I:maj	I					3	Davilicença	Moraes Moreira; Armandinho	Choro	1977.0	3_davilicenca_WF.txt
C	C	2/4	(2, 4)	major	major	['P1', 'PartA', 'S']	P1	PartA	42	0.5	E7(b9)	E:7(b9)	E	III7(b9)	III:7(b9)	III		7	(b9)		3	Davilicença	Moraes Moreira; Armandinho	Choro	1977.0	3_davilicenca_WF.txt
